competency_cluster,lt_id,lt_name,knowledge_type,stability,gate_passed,gate_failures,competent_framing_flag,competent_framing_judge_rationale,propositional_thin_flag,no_evidence,emerging,developing,competent,extending,prerequisite_edges,diagnostic
cluster_01: Family Structures and Legal Relationships,cluster_01_lt_01,Legal Status of Relationship Types,Type 1,stable,PASS,,pass,The descriptor declares the capability as demonstrated independently at the learning target's level of demand without hedging language or positioning it as incomplete.,False,No attempt to identify legal relationship protections.,"With support, names some relationship types but confuses their legal protections.",Independently identifies relationship types but provides incomplete or inaccurate legal rights information.,"Independently identifies the distinct legal rights and protections that apply to marriage, civil partnership, and cohabitation.",Compares legal protections across relationship types and explains implications for different life situations.,cluster_03_lt_01 [pedagogical_sequencing/medium] Understanding general legal rights regarding equality provides foundation for specific relationship legal protections.,
cluster_01: Family Structures and Legal Relationships,cluster_01_lt_02,Family Dynamics and Development,Type 1,stable,PASS,,pass,"The descriptor declares the capability as demonstrated independently, stating the learner 'explains' and 'identifies' the required content without hedging language or positioning it as incomplete.",False,No attempt to explain family changes or development factors.,"With support, identifies some family types but explanations are incomplete or inaccurate.",Explains basic family changes and identifies some development factors but lacks detail or connections.,Explains how family structures evolve over time and identifies multiple factors that support successful child development.,Analyses complex family transitions and evaluates how development factors interact across different contexts.,cluster_01_lt_01 [pedagogical_sequencing/medium] Understanding legal relationship types provides foundation for explaining how family structures change.,
cluster_02: Healthy Romantic Relationships,cluster_02_lt_01,Understanding Healthy Relationship Foundations,Type 1,rubric_unstable,PASS,,pass,The descriptor declares the capability as demonstrated independently and stands alone as evidence that the learning target is met.,False,No attempt to explain healthy relationship characteristics.,"With support, identifies some relationship characteristics but explanations are incomplete or inaccurate.",Independently identifies key characteristics like consent and trust but explanations lack depth or miss connections.,"Independently explains consent, trust, respect, and ethical considerations as foundational characteristics that define healthy romantic relationships.",Connects healthy relationship foundations to broader relationship contexts and explains their interdependent nature.,cluster_03_lt_01 [pedagogical_sequencing/medium] Understanding equality and respectful treatment provides foundation for explaining respect in relationships.; cluster_11_lt_03 [pedagogical_sequencing/medium] Understanding care beyond consent supports explaining ethical considerations in healthy relationships.,
cluster_02: Healthy Romantic Relationships,cluster_02_lt_02,Evaluating Relationship Safety,Type 2,rubric_unstable,FAIL,observable_verb,pass,"The descriptor clearly states the learner independently demonstrates the capability with accuracy, indicating full achievement of the learning target.",False,No attempt to judge relationship safety.,"With support, identifies some obvious safety concerns but misses key warning signs.",Independently recognises clear safety issues but struggles with subtle warning signs or appropriate help sources.,Independently judges when romantic relationship situations are unsafe and identifies appropriate sources of help accurately.,Transfers safety evaluation skills to complex scenarios and guides others toward appropriate support.,cluster_02_lt_01 [ontological_prerequisite/high] Cannot evaluate relationship safety without understanding what healthy relationships look like.; cluster_12_lt_01 [ontological_prerequisite/high] Judging relationship safety requires general trustworthiness and safety assessment skills.; cluster_12_lt_02 [ontological_prerequisite/high] Cannot identify appropriate help sources without knowing how to seek help generally.,
cluster_03: Respectful Treatment of Self and Others,cluster_03_lt_01,Understanding Equality and Respectful Treatment,Type 1,rubric_unstable,FAIL,observable_verb,pass,"The descriptor clearly states the learner 'independently explains' and 'describes' the required concepts, demonstrating complete achievement of the learning target without hedging language or positioning it as incomplete.",False,No attempt to explain equality rights or respectful treatment.,"With support, identifies some equality concepts but explanations are incomplete or inaccurate.",Independently explains basic equality rights but struggles to connect respectful treatment to relationships.,Independently explains legal rights regarding equality and describes what respectful treatment means in relationships.,Connects equality rights and respectful treatment to complex relationship scenarios and broader social contexts.,cluster_02_lt_01 [pedagogical_sequencing/medium] Understanding healthy relationship foundations helps contextualize respectful treatment concepts.,
cluster_03: Respectful Treatment of Self and Others,cluster_03_lt_02,Communicating Respectfully in Relationships,Type 2,rubric_unstable,FAIL,observable_verb,pass,"The descriptor declares the capability as demonstrated independently and effectively, standing alone as clear evidence that the learning target is met.",False,No attempt to communicate respectfully in relationships.,"With support, demonstrates basic respectful communication but inconsistently or inaccurately.",Independently demonstrates respectful communication in familiar situations but struggles with conflict or challenging contexts.,Independently applies respectful communication skills effectively in relationships and conflict situations across various contexts.,Transfers respectful communication skills to complex interpersonal situations and models effective conflict resolution.,cluster_03_lt_01 [ontological_prerequisite/high] Understanding what respectful treatment means is necessary before applying respectful communication skills.; cluster_18_lt_01 [pedagogical_sequencing/medium] Effective emotional communication typically supports respectful relationship communication skills.,
cluster_04: Addressing Bullying and Relationship Endings,cluster_04_lt_02,Managing Relationship Endings with Kindness,Type 2,rubric_unstable,FAIL,observable_verb,pass,The descriptor declares the capability as fully demonstrated with 'independently applies appropriate strategies' and shows complete mastery of the learning target without hedging language or positioning it as incomplete.,False,No attempt to address relationship ending strategies.,"With support, identifies some ending strategies but applies them inaccurately or inappropriately.",Independently applies basic ending strategies but struggles with managing difficult emotions constructively.,Independently applies appropriate strategies to end relationships kindly while managing difficult feelings constructively and respectfully.,Transfers ending strategies across relationship types and supports others through relationship transitions.,cluster_02_lt_01 [ontological_prerequisite/high] Understanding healthy relationship foundations is necessary to recognize when relationships should end.; cluster_03_lt_02 [ontological_prerequisite/high] Respectful communication skills are essential for ending relationships kindly.; cluster_18_lt_01 [ontological_prerequisite/high] Communicating about emotions effectively is required to manage difficult feelings constructively.; cluster_11_lt_01 [pedagogical_sequencing/medium] Understanding consent and boundaries helps inform appropriate relationship ending approaches.,
cluster_05: Recognising Stereotypes and Power Dynamics,cluster_05_lt_01,Understanding Stereotypes and Power Imbalances,Type 1,rubric_unstable,PASS,,pass,"The descriptor declares the capability as demonstrated independently with clear reasoning, standing alone as evidence the learning target is met.",False,No attempt to address stereotypes or power dynamics.,"With support, identifies some stereotypes but explanations are incomplete or inaccurate.",Independently identifies stereotypes and power imbalances but explanations lack depth or miss key connections.,Independently explains how stereotypes and power inequalities damage relationships and influence harmful behaviours with clear reasoning.,Applies understanding to analyse complex scenarios or connects stereotypes to broader systemic issues.,cluster_03_lt_01 [pedagogical_sequencing/medium] Understanding equality concepts provides foundation for recognising power imbalances.; cluster_02_lt_01 [pedagogical_sequencing/medium] Understanding healthy relationship characteristics helps identify when stereotypes damage relationships.,
cluster_05: Recognising Stereotypes and Power Dynamics,cluster_05_lt_02,Recognising Prejudice and Harmful Influences,Type 2,rubric_unstable,PASS,,pass,The descriptor clearly states the learner independently demonstrates the full capability described in the learning target without hedging language or positioning it as incomplete.,False,No attempt to identify prejudice or cultural influences.,"With support, identifies obvious prejudice but struggles to connect cultural influences.",Independently identifies clear prejudice and describes some cultural influences but analysis lacks depth.,Independently identifies prejudice in various contexts and analyses how cultural influences shape harmful sexual attitudes.,Transfers prejudice recognition skills to subtle contexts and evaluates complex cultural influence mechanisms.,cluster_05_lt_01 [ontological_prerequisite/high] Understanding stereotypes and power imbalances is necessary before identifying prejudice and analysing cultural influences.,
cluster_06: Online Safety and Digital Citizenship,cluster_06_lt_01,Protecting Personal Information Online,Type 1,rubric_unstable,PASS,,pass,The descriptor declares the capability as fully demonstrated with 'independently identifies' and 'explains clearly' without any hedging language or positioning as incomplete.,False,No attempt to identify privacy settings or sharing considerations.,"With support, identifies some privacy settings but explanations are incomplete or inaccurate.",Independently identifies basic privacy settings but explanations lack detail or miss key sharing risks.,Independently identifies appropriate privacy settings and explains clearly when personal information should not be shared online.,Applies privacy principles to novel platforms and evaluates complex sharing scenarios with sophisticated reasoning.,cluster_10_lt_01 [ontological_prerequisite/high] Understanding how personal data is collected and shared is essential for making privacy decisions.,
cluster_06: Online Safety and Digital Citizenship,cluster_06_lt_02,Evaluating Online Content and Profiles,Type 1,rubric_unstable,FAIL,observable_verb,pass,The descriptor clearly states the learner independently demonstrates the capability at the target level without hedging language or positioning it as incomplete.,False,No attempt to identify fake or manipulated content.,"With support, notices some obvious signs but makes frequent errors in identification.",Independently identifies clear signs of fake content but misses subtle manipulation indicators.,"Independently identifies multiple signs that social media accounts or content may be fake, exaggerated, or AI-generated.",Systematically evaluates content authenticity using sophisticated detection methods and explains manipulation techniques.,cluster_06_lt_01 [pedagogical_sequencing/medium] Understanding privacy basics helps establish foundation for recognizing deceptive online practices.; cluster_08_lt_01 [ontological_prerequisite/high] Recognizing deepfakes is a specific component of identifying AI-generated content.,
cluster_06: Online Safety and Digital Citizenship,cluster_06_lt_03,Applying Behavioural Expectations Online,Type 1,rubric_unstable,PASS,,pass,The descriptor clearly states the learner can independently demonstrate the exact capability described in the learning target without any hedging language or positioning as incomplete.,False,No attempt to explain behavioural standards across contexts.,"With support, identifies some behavioural expectations but confuses online and offline applications.",Independently identifies behavioural standards but struggles to explain consistent application across contexts.,Independently explains how appropriate behaviour standards apply consistently across online and offline contexts.,Transfers understanding to novel situations and explains nuanced applications of consistent behavioural standards.,cluster_03_lt_01 [pedagogical_sequencing/medium] Understanding respectful treatment provides foundation for appropriate behaviour standards.; cluster_06_lt_01 [pedagogical_sequencing/medium] Understanding online privacy helps establish baseline for appropriate online behaviour.,
cluster_07: Managing Digital Content and Image Sharing,cluster_07_lt_01,Understanding Digital Content Risks and Laws,Type 1,stable,PASS,,pass,"The descriptor clearly states the learner 'independently explains' the required content, demonstrating complete achievement of the learning target without hedging language or positioning it as incomplete.",False,No attempt to explain digital content risks or laws.,"With support, identifies some risks but explanations are incomplete or inaccurate.",Independently explains basic risks but lacks detail on legal consequences or criminal penalties.,Independently explains the risks and legal consequences of sharing images online including criminal penalties for indecent images.,Transfers understanding to analyse complex scenarios involving multiple legal and risk factors.,cluster_06_lt_01 [pedagogical_sequencing/medium] Understanding privacy settings provides foundation for understanding broader digital content risks.; cluster_06_lt_03 [pedagogical_sequencing/medium] Understanding appropriate online behaviour standards supports understanding legal consequences of inappropriate sharing.,
cluster_08: Identifying Digital Manipulation and Harmful Content,cluster_08_lt_01,Recognising Deepfakes and Digital Manipulation,Type 2,stable,FAIL,single_construct,pass,"The descriptor declares the capability as demonstrated independently and accurately, meeting the learning target without hedging language or positioning it as incomplete.",False,No attempt to identify deepfakes or digital manipulation.,"With support, recognises some obvious digital alterations but explanations are incomplete.",Independently identifies clear deepfakes but struggles with subtle manipulation or explaining uses.,"Independently identifies deepfakes and digital manipulation, explaining both malicious and entertainment applications accurately.",Identifies sophisticated manipulation techniques and analyses broader implications for society and media.,cluster_06_lt_02 [ontological_prerequisite/high] Must understand fake content identification before recognising deepfakes specifically.; cluster_08_lt_02 [pedagogical_sequencing/medium] Understanding harmful content types provides context for malicious deepfake applications.,
cluster_08: Identifying Digital Manipulation and Harmful Content,cluster_08_lt_02,Understanding Harmful Online Content,Type 1,stable,PASS,,pass,The descriptor declares the capability as fully demonstrated with 'independently describes' and 'clearly explains' without any hedging language or positioning as incomplete.,False,No attempt to identify inappropriate content or explain harmful normalisation.,"With support, names some inappropriate content types but explanations are inaccurate or incomplete.",Independently identifies several inappropriate content types but explanations of harmful normalisation lack depth or clarity.,Independently describes multiple types of inappropriate online content and clearly explains how distorted digital content normalises harmful behaviours.,Transfers understanding to analyse complex content scenarios and evaluates broader societal impacts of digital normalisation.,cluster_06_lt_02 [pedagogical_sequencing/medium] Understanding fake content helps recognise distorted digital material.; cluster_08_lt_01 [ontological_prerequisite/high] Recognising digital manipulation is essential for understanding distorted content.; cluster_09_lt_02 [pedagogical_sequencing/medium] Understanding distorted online content provides foundation for recognising harmful normalisation patterns.,
cluster_08: Identifying Digital Manipulation and Harmful Content,cluster_08_lt_03,Seeking Support for Concerning Content,Type 1,rubric_unstable,PASS,,pass,"The descriptor clearly states the learner can independently identify appropriate support sources, demonstrating complete achievement of the learning target without hedging language or positioning it as incomplete.",False,No attempt to identify support sources.,"With prompting, names some general help sources but lacks specificity or accuracy.",Identifies basic support sources but misses key options or provides incomplete guidance.,"Independently identifies appropriate advice and support sources for concerning online content including trusted adults, reporting mechanisms, and helplines.",Evaluates multiple support pathways and explains when different sources are most appropriate.,cluster_08_lt_02 [ontological_prerequisite/high] Must understand what constitutes concerning content before seeking appropriate support.; cluster_12_lt_02 [pedagogical_sequencing/medium] General help-seeking skills typically established before domain-specific applications.,
cluster_09: Recognising Online Abuse and Exploitation,cluster_09_lt_01,Identifying Technology-Enabled Abuse,Type 2,rubric_unstable,PASS,,pass,The descriptor declares the capability as fully demonstrated with 'independently recognises' and 'determines appropriate support responses accurately' without any hedging language or positioning as incomplete.,False,No attempt to identify technology-enabled abuse.,"With support, identifies some obvious forms of technology-enabled abuse but misses subtle patterns.",Independently recognises clear technology-enabled abuse but struggles with complex or emerging forms of abuse.,"Independently recognises technology-enabled bullying, harassment, stalking, and coercive control and determines appropriate support responses accurately.",Recognises sophisticated technology-enabled abuse patterns and evaluates multiple support response options considering victim safety.,cluster_04_lt_01 [ontological_prerequisite/high] Must understand bullying concepts before recognising technology-enabled bullying.; cluster_14_lt_01 [ontological_prerequisite/high] Must understand coercive control concepts before recognising technology-enabled coercive control.; cluster_12_lt_02 [ontological_prerequisite/medium] Must know help-seeking options before determining appropriate support responses.,
cluster_09: Recognising Online Abuse and Exploitation,cluster_09_lt_02,Understanding Distorted Online Content,Type 1,rubric_unstable,PASS,,pass,The descriptor declares the capability as demonstrated independently at the learning target's level of demand without hedging language or positioning it as incomplete.,False,No attempt to address pornography's distorted content.,"With support, identifies some problems with pornography but explanations are inaccurate or incomplete.",Independently identifies distorted aspects of pornography but explanations lack depth or miss key influences.,Independently explains how pornography presents distorted pictures of people and sexual behaviours that negatively influence attitudes and relationships.,Transfers understanding to analyse how other distorted online content similarly influences attitudes and behaviours.,cluster_08_lt_02 [pedagogical_sequencing/medium] Understanding harmful online content generally helps before focusing specifically on pornography's distortions.; cluster_02_lt_01 [ontological_prerequisite/high] Must understand healthy relationship characteristics to recognise how pornography distorts them.,
"cluster_10: Online Privacy, Scams and Emerging Technology Risks",cluster_10_lt_01,Understanding Digital Privacy and Scam Risks,Type 1,stable,PASS,,pass,The descriptor directly states the learner explains and identifies the required concepts without hedging language or positioning it as incomplete.,True,No attempt to explain data collection or identify scams.,"With support, names some data collection methods or scam features but explanations are inaccurate.",Explains basic data collection practices and identifies obvious scam characteristics but misses subtle indicators.,Explains how personal data is collected and shared online and identifies key characteristics of online scams including sextortion.,Analyses complex data sharing networks and identifies sophisticated scam techniques across emerging technologies.,cluster_06_lt_01 [pedagogical_sequencing/high] Understanding privacy settings provides foundation for understanding broader data collection practices.; cluster_06_lt_02 [pedagogical_sequencing/medium] Identifying fake content helps develop skills for recognising deceptive scam characteristics.,
"cluster_10: Online Privacy, Scams and Emerging Technology Risks",cluster_10_lt_02,Evaluating and Responding to Online Threats,Type 2,rubric_unstable,FAIL,observable_verb; single_construct; competent_framing_regex,pass,The descriptor clearly states the learner 'independently identifies' and 'determines appropriate responses' which demonstrates full capability without hedging language or positioning as incomplete.,False,No attempt to identify online threats or responses.,"With support, recognises some obvious scams but struggles to determine appropriate responses.",Independently identifies common online threats but shows gaps in evaluating response strategies.,Independently identifies online scams and emerging technology risks and determines appropriate support-seeking responses for different situations.,Transfers threat evaluation skills to novel contexts and advises others on response strategies.,cluster_10_lt_01 [ontological_prerequisite/high] Cannot evaluate scam responses without understanding what scams are.; cluster_12_lt_02 [pedagogical_sequencing/medium] General help-seeking skills typically established before specific threat responses.,
cluster_11: Consent and Boundaries in Relationships,cluster_11_lt_02,Managing Relationship Pressure,Type 2,stable,FAIL,observable_verb,pass,The descriptor declares the capability as fully demonstrated with 'independently' and 'consistently' indicating complete mastery of the learning target.,False,No attempt to identify or respond to relationship pressure.,"With support, recognises some pressure but struggles to identify appropriate responses.",Identifies relationship pressure in familiar situations but inconsistently applies resistance strategies.,Independently identifies and resists pressure in relationships while consistently avoiding putting pressure on others.,Transfers pressure management skills across diverse relationship contexts and supports others effectively.,cluster_11_lt_01 [ontological_prerequisite/high] Cannot manage relationship pressure without understanding consent and boundaries.; cluster_02_lt_01 [pedagogical_sequencing/medium] Understanding healthy relationship foundations helps identify when pressure violates relationship principles.; cluster_03_lt_02 [pedagogical_sequencing/medium] Respectful communication skills support resisting and avoiding pressure appropriately.,
cluster_11: Consent and Boundaries in Relationships,cluster_11_lt_03,Understanding Care Beyond Consent,Type 1,rubric_unstable,PASS,,pass,"The descriptor declares the capability as demonstrated by stating the learner 'explains' the concept fully, without hedging language or positioning it as incomplete.",False,No attempt to explain care beyond consent.,"With support, identifies that relationships involve more than consent but explanations are unclear.",Explains that kindness matters in relationships but struggles to articulate how it extends beyond consent.,"Explains how kindness and care for others requires consideration of emotional wellbeing, respect, and thoughtfulness beyond basic consent.",Integrates care concepts with broader relationship ethics and applies understanding to complex interpersonal scenarios.,cluster_11_lt_01 [ontological_prerequisite/high] Understanding consent is necessary before explaining what goes beyond it.; cluster_02_lt_01 [pedagogical_sequencing/medium] Basic healthy relationship foundations typically precede advanced care concepts.,
cluster_12: Assessing Trustworthiness and Personal Safety,cluster_12_lt_01,Evaluating Trustworthiness and Safety,Type 2,rubric_unstable,FAIL,observable_verb,pass,"The descriptor declares the capability as fully demonstrated independently with appropriate reasoning strategies across various contexts, standing alone as evidence the learning target is met.",False,No attempt to assess trustworthiness or safety.,"With support, identifies some obvious safety concerns but reasoning is incomplete or inaccurate.",Independently recognises clear trustworthiness indicators but struggles with complex or ambiguous situations requiring deeper reasoning.,Independently assesses whether people and situations are trustworthy and safe using appropriate reasoning strategies across various contexts.,Transfers trustworthiness assessment skills to novel contexts and helps others develop similar reasoning capabilities.,cluster_02_lt_02 [pedagogical_sequencing/medium] Understanding relationship safety provides foundation for broader trustworthiness assessment skills.; cluster_09_lt_01 [pedagogical_sequencing/medium] Recognising technology-enabled abuse develops specific assessment skills applicable to general trustworthiness evaluation.; cluster_10_lt_02 [pedagogical_sequencing/medium] Evaluating online threats builds reasoning strategies transferable to assessing trustworthiness in various contexts.,
cluster_12: Assessing Trustworthiness and Personal Safety,cluster_12_lt_02,Seeking Help and Reporting Concerns,Type 1,rubric_unstable,PASS,,pass,The descriptor declares the capability as demonstrated independently and can stand alone as evidence that the learning target is met.,False,No attempt to identify help-seeking or reporting methods.,"With support, names some help sources but shows confusion about appropriate reporting.",Identifies basic help sources independently but struggles with matching sources to specific safety concerns.,Independently identifies appropriate help sources and reporting procedures that match different types of safety risks and concerns.,Evaluates multiple help-seeking options and adapts reporting strategies based on context and urgency.,cluster_12_lt_01 [ontological_prerequisite/high] Cannot seek appropriate help without first assessing whether situations are unsafe.,
cluster_13: Understanding Sexual Harassment and Violence,cluster_13_lt_02,Understanding Victim Responsibility,Type 1,rubric_unstable,FAIL,observable_verb; single_construct,pass,The descriptor clearly states the learner independently demonstrates the exact capability defined in the learning target without hedging or positioning it as incomplete.,True,No attempt to address victim responsibility.,"With support, states that victims are not responsible but reasoning is unclear.",Independently states that victims are not responsible but struggles to explain why.,Independently explains that sexual harassment and violence are never the fault of the victim.,Explains victim non-responsibility and addresses common victim-blaming myths or misconceptions.,cluster_13_lt_01 [ontological_prerequisite/high] Must understand what constitutes sexual harassment and violence before explaining victim responsibility.,
cluster_14: Recognising Domestic Abuse and Exploitation,cluster_14_lt_01,Identifying Domestic Abuse Concepts and Laws,Type 1,rubric_unstable,PASS,,pass,The descriptor declares the capability as demonstrated independently at the learning target's level of demand without hedging language or positioning it as incomplete.,False,No attempt to identify domestic abuse concepts or laws.,"With support, names some domestic abuse terms but demonstrates inaccurate understanding.",Identifies basic domestic abuse concepts but struggles with legal frameworks or controlling behaviours.,"Independently identifies key domestic abuse concepts including controlling behaviour, coercive control, and relevant legal frameworks.",Connects domestic abuse concepts to broader legal protections and distinguishes between different abuse types.,cluster_02_lt_01 [pedagogical_sequencing/high] Understanding healthy relationships provides essential foundation for recognising unhealthy patterns.; cluster_03_lt_01 [pedagogical_sequencing/medium] Legal rights knowledge supports understanding domestic abuse legal frameworks.; cluster_05_lt_01 [pedagogical_sequencing/medium] Power imbalance concepts underpin understanding of controlling and coercive behaviours.,
cluster_14: Recognising Domestic Abuse and Exploitation,cluster_14_lt_02,Identifying Exploitation Concepts and Laws,Type 1,rubric_unstable,PASS,,pass,The descriptor clearly states the learner independently and accurately demonstrates the capability without hedging language or positioning it as incomplete.,False,No attempt to identify exploitation concepts or laws.,"With support, names some exploitation types but confuses concepts or legal frameworks.",Independently identifies basic exploitation forms but struggles with legal framework distinctions or complex concepts.,"Independently identifies key concepts and legal frameworks relating to sexual, criminal, and financial exploitation accurately.",Applies exploitation knowledge to analyse complex scenarios or connects frameworks across different contexts.,cluster_14_lt_01 [pedagogical_sequencing/high] Understanding domestic abuse concepts provides foundation for broader exploitation understanding.; cluster_13_lt_01 [pedagogical_sequencing/medium] Sexual harassment knowledge helps distinguish different forms of exploitation.,
cluster_15: Understanding Harmful Practices and Physical Harms,cluster_15_lt_01,Identifying Illegal Harmful Practices,Type 1,stable,PASS,,pass,"The descriptor clearly states the learner independently and accurately identifies the required practices, demonstrating complete mastery of the learning target.",True,No attempt to identify illegal harmful practices.,"With support, names some harmful practices but confuses legal status or specifics.",Independently identifies some illegal harmful practices but misses key examples or details.,"Independently identifies illegal harmful practices including FGM, strangulation, and dangerous pressure activities accurately.",Identifies illegal harmful practices and explains their legal classifications or connects to broader harm patterns.,cluster_13_lt_01 [pedagogical_sequencing/medium] Understanding sexual harassment and violence provides foundational knowledge about identifying harmful behaviours.; cluster_14_lt_01 [pedagogical_sequencing/medium] Understanding domestic abuse concepts establishes familiarity with legal frameworks for identifying harmful practices.,
cluster_15: Understanding Harmful Practices and Physical Harms,cluster_15_lt_02,Understanding Pornography's Harmful Normalisation,Type 1,rubric_unstable,PASS,,pass,The descriptor declares the capability as demonstrated independently and can stand alone as evidence that the learning target is met.,False,No attempt to address pornography's harmful normalisation.,"With support, identifies some harmful aspects but explanations are incomplete or inaccurate.",Independently identifies harmful activities in pornography but explanations of normalisation processes lack depth or clarity.,Independently explains how pornography normalises emotionally and physically harmful activities through distorted representations and repeated exposure.,Analyses multiple mechanisms by which pornography normalises harm and connects to broader cultural impacts.,cluster_09_lt_02 [ontological_prerequisite/high] Understanding distorted online content is essential for explaining pornography's normalisation mechanisms.; cluster_08_lt_02 [pedagogical_sequencing/medium] General understanding of harmful online content typically precedes specific pornography analysis.,
cluster_15: Understanding Harmful Practices and Physical Harms,cluster_15_lt_03,Accessing Support for Harmful Behaviours,Type 1,rubric_unstable,FAIL,single_construct,pass,The descriptor directly states the learner can describe and identify the required elements without hedging language or positioning it as incomplete.,False,No attempt to describe support-seeking for harmful behaviours.,"With support, identifies some help sources but provides incomplete or inaccurate descriptions.",Describes some support options for harmful behaviours but misses key reporting procedures or sources.,Describes how to seek support for worrying or abusive behaviour and identifies where to report abuse.,Explains support-seeking strategies and evaluates effectiveness of different reporting pathways for various situations.,cluster_15_lt_01 [ontological_prerequisite/high] Must identify harmful practices before knowing how to seek support for them.; cluster_12_lt_02 [pedagogical_sequencing/medium] General help-seeking skills typically established before specific harmful behaviour support.,
cluster_16: Healthy Sexual Relationships and Decision-Making,cluster_16_lt_01,Understanding Sexual Consent and Considerations,Type 1,rubric_unstable,PASS,,pass,The descriptor declares the capability as demonstrated independently and can stand alone as evidence that the learning target is met.,False,No attempt to explain consent or identify considerations.,"With support, identifies basic consent concepts but explanations are incomplete or inaccurate.",Explains consent basics independently but misses key factors people consider before sexual activity.,Explains how sexual consent works and independently identifies multiple factors people consider before sexual activity.,Applies consent understanding to complex scenarios and evaluates nuanced decision-making factors comprehensively.,cluster_02_lt_01 [ontological_prerequisite/high] Understanding healthy relationship foundations including consent is essential before explaining how sexual consent specifically works.; cluster_11_lt_01 [pedagogical_sequencing/medium] Recognising and communicating consent generally provides foundation for understanding sexual consent specifically.,
cluster_16: Healthy Sexual Relationships and Decision-Making,cluster_16_lt_02,Recognising Positive Sexual Relationships and Alternatives,Type 1,rubric_unstable,PASS,,pass,"The descriptor declares the capability as demonstrated accurately and independently, standing alone as evidence that the learning target is met.",False,No attempt to describe positive sexual relationships or alternatives.,"With support, identifies some relationship features but provides incomplete or inaccurate descriptions.",Describes basic positive relationship features but struggles to explain alternatives without sex clearly.,Describes how sexual relationships can be positive and explains relationship options without sex accurately and independently.,Compares multiple relationship models and evaluates how different approaches meet diverse individual needs.,cluster_02_lt_01 [ontological_prerequisite/high] Understanding healthy relationship foundations is essential before describing positive sexual relationships.; cluster_16_lt_01 [pedagogical_sequencing/medium] Understanding sexual consent typically precedes learning about positive sexual relationships.,
cluster_16: Healthy Sexual Relationships and Decision-Making,cluster_16_lt_03,Understanding Kindness and Health in Relationships,Type 1,rubric_unstable,FAIL,observable_verb,pass,The descriptor declares the capability as demonstrated independently without hedging language or positioning it as incomplete.,False,No attempt to explain kindness or health impacts.,"With support, identifies basic relationship concepts but confuses kindness with consent.",Explains that kindness differs from consent but struggles to analyse health impacts clearly.,Explains how kindness extends beyond consent and analyses health impacts of relationship choices independently.,Transfers understanding to complex scenarios and integrates multiple relationship health factors fluently.,cluster_02_lt_01 [ontological_prerequisite/high] Must understand healthy relationship foundations including consent before explaining how kindness extends beyond it.; cluster_11_lt_03 [ontological_prerequisite/high] Must understand that care requires more than consent before analysing how kindness extends beyond consent.; cluster_16_lt_01 [pedagogical_sequencing/medium] Understanding sexual consent provides foundation for analysing relationship choices and their health impacts.,
"cluster_17: Contraception, Pregnancy and Sexual Health",cluster_17_lt_01,Sexual Health Knowledge and Prevention,Type 1,rubric_unstable,PASS,,pass,The descriptor declares the capability as demonstrated independently at the learning target's level of demand without hedging language or positioning it as incomplete.,False,No attempt to describe sexual health information.,"With support, names some contraceptive or STI prevention methods with inaccuracies.",Independently describes some contraceptive options and STI prevention methods but with gaps.,"Accurately describes contraceptive options, pregnancy choices, STI prevention methods, and treatment facts independently.",Describes sexual health information and explains connections between different prevention strategies.,cluster_16_lt_01 [pedagogical_sequencing/medium] Understanding sexual consent typically precedes learning about contraception and sexual health prevention.,
"cluster_17: Contraception, Pregnancy and Sexual Health",cluster_17_lt_02,Accessing Sexual Health Support,Type 1,rubric_unstable,PASS,,pass,The descriptor clearly states the learner can independently and accurately perform the target capability without hedging language or positioning it as incomplete.,True,No attempt to identify sexual health services.,"With support, names some sexual health services but lacks detail about access.",Identifies some sexual health services independently but misses key access information or confidentiality aspects.,"Independently identifies where to access confidential sexual health advice, treatment, and support services accurately.",Identifies comprehensive sexual health services and explains access barriers or alternative pathways.,cluster_17_lt_01 [pedagogical_sequencing/medium] Understanding sexual health basics helps inform what services might be needed.; cluster_12_lt_02 [pedagogical_sequencing/medium] General help-seeking skills provide foundation for accessing specific sexual health support.,
"cluster_17: Contraception, Pregnancy and Sexual Health",cluster_17_lt_03,Sexual Health Information Guidance,Type 2,rubric_unstable,FAIL,observable_verb,pass,The descriptor declares the capability as demonstrated independently at the learning target's level of demand without hedging language or positioning it as incomplete.,False,No attempt to signpost sexual health information sources.,"With support, identifies some sexual health websites but accuracy is questionable.",Independently identifies basic sexual health information sources but lacks evaluation of accuracy.,Independently signposts others toward medically accurate online sexual health information sources to support decision-making.,Evaluates and recommends multiple accurate sources while explaining their specific strengths for different situations.,"cluster_17_lt_01 [ontological_prerequisite/high] Cannot signpost accurate sexual health information without understanding contraception, STI prevention, and treatment facts.; cluster_17_lt_02 [pedagogical_sequencing/medium] Knowing where to access sexual health services helps identify credible information sources.",
cluster_18: Emotional Wellbeing and Mental Health Literacy,cluster_18_lt_01,Communicating About Emotions Effectively,Type 2,stable,FAIL,observable_verb; single_construct,pass,The descriptor declares the capability as fully demonstrated with 'independently communicates' and shows complete mastery of the learning target without hedging language or positioning it as incomplete.,False,No attempt to communicate about emotions.,Uses basic emotion words with support but communication lacks accuracy or sensitivity.,Communicates about emotions using appropriate vocabulary but with occasional inaccuracies or insensitive phrasing.,Independently communicates about emotions using accurate vocabulary and demonstrates sensitivity to context and audience needs.,Adapts emotional communication skillfully across diverse contexts and supports others' emotional expression.,cluster_18_lt_02 [ontological_prerequisite/high] Cannot communicate accurately about emotions without understanding what mental health and wellbeing concepts mean.,
cluster_18: Emotional Wellbeing and Mental Health Literacy,cluster_18_lt_02,Understanding Mental Health and Wellbeing,Type 1,stable,PASS,,pass,The descriptor clearly states the learner can independently perform the required capabilities without hedging language or positioning it as incomplete.,False,No attempt to distinguish feelings from conditions.,"With support, identifies some feelings but confuses normal emotions with mental health conditions.",Distinguishes basic feelings from conditions but identifies limited factors affecting mental wellbeing independently.,Independently distinguishes between normal feelings and mental health conditions and identifies multiple factors that affect mental wellbeing.,Applies understanding to analyse complex emotional situations and evaluates interconnected wellbeing factors.,cluster_18_lt_01 [ontological_prerequisite/high] Accurate emotional vocabulary is essential for distinguishing feelings from mental health conditions.,
cluster_19: Substance Use and Mental Health,cluster_19_lt_01,Gambling Mental Health Impacts,Type 1,rubric_unstable,PASS,,pass,The descriptor declares the capability as demonstrated independently at the learning target's level of demand without hedging language or positioning it as incomplete.,False,No attempt to identify gambling mental health impacts.,"With support, names some gambling harms but explanations are inaccurate or incomplete.",Independently identifies basic gambling mental health harms but struggles to explain risk variations.,Independently identifies mental health harms caused by gambling and explains how different gambling products pose varying risk levels.,Analyses complex gambling-mental health relationships and evaluates intervention strategies for different risk contexts.,cluster_18_lt_02 [ontological_prerequisite/high] Understanding mental health conditions is necessary to identify gambling's mental health impacts.,
cluster_19: Substance Use and Mental Health,cluster_19_lt_02,Substance Use Mental Health Relationships,Type 1,rubric_unstable,FAIL,single_construct,pass,The descriptor declares the capability as demonstrated independently and stands alone as evidence that the learning target is met.,False,No attempt to explain substance use and mental health connections.,"With support, identifies some connections but explanations are incomplete or inaccurate.",Explains connections in one direction but struggles to demonstrate bidirectional relationships consistently.,"Independently explains how alcohol, drugs, and smoking both influence and are influenced by mental health outcomes.",Applies bidirectional understanding to analyse complex scenarios or intervention strategies effectively.,cluster_18_lt_02 [ontological_prerequisite/high] Understanding mental health conditions is essential to explain their relationships with substances.; cluster_22_lt_01 [ontological_prerequisite/high] Knowledge of substance risks provides the foundation for understanding mental health connections.,
cluster_20: Digital Wellbeing and Online Harms,cluster_20_lt_01,Understanding Digital Wellbeing Impacts,Type 1,rubric_unstable,PASS,,pass,"The descriptor declares the capability as demonstrated with accurate connections and reasoning, standing alone as evidence the learning target is met.",False,No attempt to explain digital wellbeing impacts.,"With support, identifies some online effects but explanations are incomplete or inaccurate.",Explains some connections between online activities and wellbeing but misses key relationships or lacks depth.,"Explains how online behaviours, content, and relationships affect mental and physical wellbeing with accurate connections and reasoning.",Explains wellbeing impacts comprehensively and connects multiple digital factors to broader health outcomes.,cluster_18_lt_02 [ontological_prerequisite/high] Understanding mental health and wellbeing concepts is essential to explain how digital factors affect them.,
cluster_20: Digital Wellbeing and Online Harms,cluster_20_lt_03,Responding to Online Harms,Type 2,rubric_unstable,PASS,,pass,The descriptor declares the capability as demonstrated independently and can stand alone as evidence that the learning target is met.,False,No attempt to identify reporting or support mechanisms.,"With support, identifies some reporting options but shows confusion about appropriate mechanisms.",Independently identifies basic reporting mechanisms but struggles to match appropriate responses to specific harms.,Independently identifies appropriate reporting and support mechanisms that match the specific harmful content or behaviours encountered online.,Evaluates multiple reporting options and selects optimal mechanisms while considering context and severity factors.,cluster_08_lt_02 [ontological_prerequisite/high] Must understand what constitutes harmful online content before identifying appropriate responses.; cluster_08_lt_03 [pedagogical_sequencing/medium] Basic knowledge of support sources typically precedes applying specific reporting mechanisms.; cluster_12_lt_02 [pedagogical_sequencing/medium] General help-seeking skills provide foundation for specific online reporting procedures.,
cluster_21: Nutrition and Diet-Related Health,cluster_21_lt_01,Identifying Diet-Health Connections,Type 1,stable,PASS,,pass,The descriptor clearly states the learner independently demonstrates the capability at the target level without hedging language or positioning it as incomplete.,False,No attempt to identify diet-health connections.,"With support, names some dietary choices but makes inaccurate health connections.",Independently identifies basic diet-health links but misses specific disease connections or mechanisms.,"Independently identifies specific connections between poor dietary choices and tooth decay, weight gain, and cardiovascular disease.",Connects dietary choices to additional health risks and explains underlying biological mechanisms.,cluster_21_lt_02 [pedagogical_sequencing/medium] Understanding weight-related health consequences supports identifying diet-health connections.,
cluster_21: Nutrition and Diet-Related Health,cluster_21_lt_02,Recognizing Weight-Related Health Risks,Type 1,rubric_unstable,PASS,,pass,"The descriptor clearly states the learner independently recognizes the specific health consequences mentioned in the learning target, demonstrating complete achievement without hedging language.",False,No attempt to identify weight-related health consequences.,"With support, names some weight-related health risks but demonstrates inaccurate understanding.",Independently identifies some serious health consequences of unhealthy weight gain but misses key conditions.,"Independently recognizes cancer, type 2 diabetes, and cardiovascular disease as serious health consequences of unhealthy weight gain.",Explains mechanisms linking unhealthy weight gain to multiple serious health conditions including additional risks.,cluster_21_lt_01 [pedagogical_sequencing/medium] Understanding diet-health connections provides foundation for recognizing weight-related health risks.,
"cluster_22: Drugs, Alcohol and Tobacco",cluster_22_lt_01,Understanding Substance Risks and Harms,Type 1,rubric_unstable,PASS,,pass,The descriptor declares the capability as fully demonstrated with 'independently identifies comprehensive health risks and legal consequences...accurately' without any hedging language or positioning it as incomplete.,False,No attempt to identify substance risks or consequences.,"With support, names some health risks but provides inaccurate or incomplete information.",Independently identifies basic health risks and legal consequences but misses important details or connections.,"Independently identifies comprehensive health risks and legal consequences of illegal drugs, alcohol consumption, smoking, and vaping accurately.",Connects substance risks to broader health patterns and compares consequences across different substance categories.,cluster_19_lt_02 [ontological_prerequisite/high] Understanding substance-mental health relationships is essential for identifying comprehensive substance risks.,
"cluster_22: Drugs, Alcohol and Tobacco",cluster_22_lt_02,Applying Safety Strategies and Support Access,Type 1,stable,PASS,,pass,The descriptor directly states the learner can explain and describe the required capabilities without hedging language or positioning it as incomplete.,False,No attempt to explain safety strategies or support access.,"With support, identifies some safety strategies but explanations are incomplete or inaccurate.",Explains basic safety strategies and identifies some support sources but lacks detail or accuracy.,Explains personal safety strategies for alcohol consumption and describes how to access support for substance-related issues.,Applies safety strategies to varied scenarios and evaluates effectiveness of different support options.,cluster_22_lt_01 [ontological_prerequisite/high] Must understand substance risks before developing safety strategies.; cluster_12_lt_02 [pedagogical_sequencing/medium] General help-seeking skills typically precede substance-specific support access.,
cluster_23: Health Maintenance and Prevention,cluster_23_lt_01,Infection Prevention and Medical Interventions,Type 1,stable,PASS,,pass,"The descriptor declares the capability as demonstrated independently and accurately, standing alone as evidence that the learning target is met.",False,No attempt to explain infection prevention or medical interventions.,"With support, identifies some infection prevention methods but explanations are incomplete or inaccurate.",Independently explains basic infection prevention methods but struggles with antibiotic use or vaccination concepts.,"Independently explains infection prevention methods, antibiotic use, vaccination benefits, and screening importance accurately and clearly.",Connects infection prevention concepts to public health outcomes or evaluates effectiveness of different approaches.,cluster_24_lt_01 [pedagogical_sequencing/medium] Understanding healthcare services helps contextualize where medical interventions are accessed.,
cluster_23: Health Maintenance and Prevention,cluster_23_lt_02,Personal Health Maintenance Practices,Type 1,stable,PASS,,pass,"The descriptor declares the capability as demonstrated independently and comprehensively, standing alone as evidence that the learning target is met.",False,No attempt to describe health maintenance practices.,"With support, names some dental, sleep, or reproductive health practices inaccurately.","Independently describes some dental hygiene, sleep hygiene, or reproductive health practices with gaps.","Independently describes dental hygiene practices, sleep hygiene requirements, and reproductive health considerations accurately and comprehensively.",Connects health maintenance practices to broader wellbeing outcomes or explains underlying mechanisms.,cluster_27_lt_01 [ontological_prerequisite/high] Understanding reproductive health conditions is necessary to describe reproductive health considerations.,
cluster_24: Accessing Healthcare Services,cluster_24_lt_01,Identifying Healthcare Service Options,Type 1,rubric_unstable,PASS,,pass,"The descriptor clearly states the learner independently demonstrates the capability and accurately explains access methods, indicating full achievement of the learning target.",False,No attempt to identify healthcare services or access methods.,"With support, names some healthcare services but provides inaccurate or incomplete access information.",Independently identifies basic healthcare services but struggles to explain access methods for different situations.,Independently identifies appropriate healthcare services for different situations and accurately explains how to access them.,Transfers healthcare service knowledge to complex scenarios and evaluates service appropriateness comprehensively.,cluster_12_lt_02 [pedagogical_sequencing/medium] Understanding help-seeking builds foundation for accessing healthcare services.; cluster_17_lt_02 [ontological_prerequisite/high] Sexual health service access is a specific subset of general healthcare service access.,
cluster_24: Accessing Healthcare Services,cluster_24_lt_02,Understanding Medical Consent and Capacity,Type 1,stable,PASS,,pass,"The descriptor declares the capability as demonstrated accurately and independently, standing alone as evidence the learning target is met.",False,No attempt to explain medical consent frameworks.,"With support, identifies some consent concepts but explanations are inaccurate or incomplete.",Explains basic consent principles but gaps remain in understanding legal frameworks for capacity.,Explains legal frameworks governing medical consent for minors and adults with capacity issues accurately and independently.,Applies consent frameworks to complex scenarios or connects to broader healthcare ethics principles.,cluster_24_lt_01 [pedagogical_sequencing/medium] Understanding healthcare service options typically precedes learning specific consent frameworks.; cluster_16_lt_01 [ontological_prerequisite/high] Understanding general consent principles is essential before learning medical-specific consent frameworks.,
cluster_25: Managing Personal Safety and Risk,cluster_25_lt_01,Identifying and Managing Environmental Risks,Type 2,rubric_unstable,FAIL,observable_verb,pass,The descriptor clearly states the learner independently and consistently demonstrates the full capability described in the learning target without any hedging language or implications of incompleteness.,False,No attempt to identify risks or safety strategies.,"With support, identifies obvious risks but applies safety strategies inaccurately or incompletely.",Independently identifies common risks and applies basic safety strategies but misses subtle dangers or complex situations.,Independently identifies potential risks in independent situations and applies appropriate safety strategies effectively and consistently.,Transfers risk assessment skills to novel contexts and integrates multiple safety strategies fluently across situations.,cluster_12_lt_01 [ontological_prerequisite/high] Cannot assess environmental risks without ability to evaluate trustworthiness and safety.; cluster_12_lt_02 [pedagogical_sequencing/medium] Understanding help-seeking supports applying safety strategies when risks are identified.,
cluster_25: Managing Personal Safety and Risk,cluster_25_lt_02,Managing Peer Influence and Social Pressures,Type 2,rubric_unstable,FAIL,observable_verb,pass,The descriptor declares the capability as demonstrated independently at the learning target's level of demand without hedging language or positioning it as incomplete.,False,No attempt to recognise peer influence or pressure.,"With support, identifies some peer pressure but applies strategies inconsistently or inaccurately.",Recognises peer influence in familiar situations but struggles to apply effective management strategies independently.,Independently recognises peer influence and pressure in risk-taking situations and applies effective strategies to manage them.,Transfers peer pressure management skills to novel contexts and helps others develop similar capabilities.,cluster_25_lt_01 [pedagogical_sequencing/medium] General risk identification skills provide foundation for recognising peer pressure risks.; cluster_12_lt_01 [ontological_prerequisite/high] Cannot manage peer pressure without ability to evaluate trustworthiness and safety of situations.,
cluster_25: Managing Personal Safety and Risk,cluster_25_lt_03,Decision-Making in Conflict Situations,Type 2,stable,FAIL,observable_verb,pass,The descriptor declares the capability as demonstrated independently at the learning target's level of demand without hedging language or positioning it as incomplete.,False,No attempt to apply decision-making in conflict situations.,"With support, identifies some conflict elements but applies inappropriate or ineffective responses.",Independently recognises conflict situations and applies basic decision-making but lacks consistent self-awareness integration.,Independently applies self-awareness and relationship skills to make responsible decisions when facing conflict situations.,Transfers conflict decision-making skills to complex situations and helps others navigate similar challenges.,cluster_03_lt_02 [ontological_prerequisite/high] Cannot apply relationship skills in conflict without basic respectful communication abilities.; cluster_18_lt_01 [ontological_prerequisite/high] Self-awareness in decision-making requires ability to communicate about emotions accurately.; cluster_25_lt_02 [pedagogical_sequencing/medium] Managing peer pressure provides foundation for handling interpersonal conflict dynamics.,
"cluster_26: Weapons, Exploitation and Seeking Help",cluster_26_lt_02,Seeking Help for Exploitation Concerns,Type 2,stable,PASS,,pass,The descriptor clearly states the learner 'independently identifies appropriate help sources' which demonstrates the capability is fully met without hedging language or positioning it as incomplete.,False,No attempt to identify help sources for exploitation concerns.,"With support, names some help sources but shows confusion about appropriateness.",Independently identifies basic help sources but struggles with matching sources to specific exploitation situations.,"Independently identifies appropriate help sources for different grooming and exploitation concerns including trusted adults, services, and reporting mechanisms.",Evaluates multiple help sources and explains optimal pathways for different exploitation scenarios.,cluster_14_lt_02 [ontological_prerequisite/high] Must understand what exploitation is before identifying help sources for it.; cluster_12_lt_02 [pedagogical_sequencing/medium] General help-seeking skills typically established before specific exploitation contexts.,
cluster_27: Reproductive Health and First Aid Knowledge,cluster_27_lt_01,Understanding Reproductive Health Conditions,Type 1,rubric_unstable,FAIL,observable_verb,pass,"The descriptor declares the capability as demonstrated independently and accurately, standing alone as evidence that the learning target is met.",False,No attempt to identify reproductive health conditions.,"With support, names some menstrual or reproductive health terms inaccurately.",Identifies basic menstrual problems but explains reproductive health factors with gaps.,Independently identifies menstrual health problems and explains reproductive health factors accurately across the lifespan.,Connects reproductive health factors to broader health outcomes and prevention strategies.,cluster_23_lt_02 [ontological_prerequisite/high] Understanding reproductive health considerations is foundational to identifying specific reproductive health problems.,
cluster_27: Reproductive Health and First Aid Knowledge,cluster_27_lt_02,Applying First Aid Skills,Type 1,rubric_unstable,FAIL,observable_verb,pass,"The descriptor declares the capability as fully demonstrated independently and accurately, meeting the learning target without hedging language or positioning it as incomplete.",False,No attempt to demonstrate first aid techniques.,"With heavy support, attempts basic first aid steps but demonstrates inaccurate or incomplete techniques.",Independently demonstrates some first aid techniques correctly but shows gaps in CPR or emergency response procedures.,Independently demonstrates age-appropriate first aid techniques including cardiopulmonary resuscitation accurately and effectively in emergency scenarios.,Transfers first aid skills to complex scenarios and adapts techniques for different age groups or situations.,cluster_24_lt_01 [pedagogical_sequencing/medium] Understanding healthcare services helps contextualize when first aid is appropriate versus professional medical care.,
cluster_04: Addressing Bullying and Relationship Endings,cluster_04_lt_01,Recognising and Responding to Bullying,Type 1,rubric_unreliable,FAIL,rubric_generation_failed,error,only 1/3 runs produced parseable output,False,,,,,,,
cluster_07: Managing Digital Content and Image Sharing,cluster_07_lt_02,Responding to Digital Content Issues,Type 2,rubric_unreliable,FAIL,rubric_generation_failed,error,"no structural signature reached 2/3 agreement; signatures=[(('no_evidence', 'within_limit', 'recognise'), ('emerging', 'within_limit', 'recognise'), ('developing', 'within_limit', 'recognise'), ('competent', 'within_limit', 'recognise'), ('extending', 'within_limit', 'apply'), ('competent_scope', 'unscoped')), (('no_evidence', 'within_limit', 'recognise'), ('emerging', 'within_limit', 'recognise'), ('developing', 'within_limit', 'recognise'), ('competent', 'within_limit', 'recognise'), ('extending', 'within_limit', 'none'), ('competent_scope', 'unscoped')), (('no_evidence', 'within_limit', 'none'), ('emerging', 'within_limit', 'recognise'), ('developing', 'within_limit', 'recognise'), ('competent', 'within_limit', 'recognise'), ('extending', 'within_limit', 'none'), ('competent_scope', 'unscoped'))]",False,,,,,,,
cluster_11: Consent and Boundaries in Relationships,cluster_11_lt_01,Recognising and Communicating Consent and Boundaries,Type 2,rubric_unreliable,FAIL,rubric_generation_failed,error,"no structural signature reached 2/3 agreement; signatures=[(('no_evidence', 'within_limit', 'apply'), ('emerging', 'within_limit', 'recognise'), ('developing', 'within_limit', 'recognise'), ('competent', 'within_limit', 'recognise'), ('extending', 'within_limit', 'apply'), ('competent_scope', 'scoped')), (('no_evidence', 'within_limit', 'apply'), ('emerging', 'within_limit', 'recognise'), ('developing', 'within_limit', 'recognise'), ('competent', 'within_limit', 'recognise'), ('extending', 'within_limit', 'none'), ('competent_scope', 'scoped')), (('no_evidence', 'within_limit', 'recognise'), ('emerging', 'within_limit', 'recognise'), ('developing', 'within_limit', 'recognise'), ('competent', 'within_limit', 'recognise'), ('extending', 'within_limit', 'none'), ('competent_scope', 'scoped'))]",False,,,,,,,
cluster_13: Understanding Sexual Harassment and Violence,cluster_13_lt_01,Identifying Sexual Harassment and Violence,Type 1,rubric_unreliable,FAIL,rubric_generation_failed,error,"no structural signature reached 2/3 agreement; signatures=[(('no_evidence', 'within_limit', 'recognise'), ('emerging', 'within_limit', 'recognise'), ('developing', 'within_limit', 'recognise'), ('competent', 'within_limit', 'recognise'), ('extending', 'within_limit', 'analyse'), ('competent_scope', 'scoped')), (('no_evidence', 'within_limit', 'recognise'), ('emerging', 'within_limit', 'recognise'), ('developing', 'within_limit', 'recognise'), ('competent', 'within_limit', 'recognise'), ('extending', 'within_limit', 'apply'), ('competent_scope', 'scoped')), (('no_evidence', 'within_limit', 'recognise'), ('emerging', 'within_limit', 'recognise'), ('developing', 'within_limit', 'recognise'), ('competent', 'within_limit', 'recognise'), ('extending', 'within_limit', 'recognise'), ('competent_scope', 'scoped'))]",False,,,,,,,
cluster_20: Digital Wellbeing and Online Harms,cluster_20_lt_02,Evaluating Digital Information and Content,Type 2,rubric_unreliable,FAIL,rubric_generation_failed,error,"no structural signature reached 2/3 agreement; signatures=[(('no_evidence', 'within_limit', 'none'), ('emerging', 'within_limit', 'recognise'), ('developing', 'within_limit', 'apply'), ('competent', 'within_limit', 'evaluate'), ('extending', 'within_limit', 'none'), ('competent_scope', 'unscoped')), (('no_evidence', 'within_limit', 'none'), ('emerging', 'within_limit', 'recognise'), ('developing', 'within_limit', 'recognise'), ('competent', 'within_limit', 'evaluate'), ('extending', 'within_limit', 'describe'), ('competent_scope', 'scoped')), (('no_evidence', 'within_limit', 'none'), ('emerging', 'within_limit', 'recognise'), ('developing', 'within_limit', 'apply'), ('competent', 'within_limit', 'evaluate'), ('extending', 'within_limit', 'none'), ('competent_scope', 'scoped'))]",False,,,,,,,
"cluster_26: Weapons, Exploitation and Seeking Help",cluster_26_lt_01,Understanding Weapon Carrying Misconceptions,Type 1,rubric_unreliable,FAIL,rubric_generation_failed,error,"no structural signature reached 2/3 agreement; signatures=[(('no_evidence', 'within_limit', 'none'), ('emerging', 'within_limit', 'recognise'), ('developing', 'within_limit', 'recognise'), ('competent', 'within_limit', 'describe'), ('extending', 'within_limit', 'describe'), ('competent_scope', 'unscoped')), (('no_evidence', 'within_limit', 'none'), ('emerging', 'within_limit', 'recognise'), ('developing', 'within_limit', 'recognise'), ('competent', 'within_limit', 'describe'), ('extending', 'within_limit', 'analyse'), ('competent_scope', 'unscoped')), (('no_evidence', 'within_limit', 'none'), ('emerging', 'within_limit', 'recognise'), ('developing', 'within_limit', 'recognise'), ('competent', 'within_limit', 'describe'), ('extending', 'within_limit', 'apply'), ('competent_scope', 'unscoped'))]",False,,,,,,,
